"Año","Propuesta Formativa","Período","Resultado","Finales"
"2019","Ciencias Económicas","2019 - 2 - Julio - Agosto","Aprobado","3179.0"
"2019","Ciencias Económicas","2019 - 2 - 11 - Noviembre - Diciembre","Aprobado","2692.0"
"2019","Ciencias Económicas","2019 - 2 - Nivelación","Aprobado","3767.0"
"2019","Ciencias Económicas","2019 - 2 - 11 - Febrero - Marzo","Aprobado","858.0"
"2019","Ciencias Económicas","2019 - 2 - Mayo","Ausente","6.0"
"2019","Ciencias Económicas","2019 - 2 - Julio - Agosto","Ausente","1906.0"
"2019","Ciencias Económicas","2019 - 2 - 11 - Noviembre - Diciembre","Ausente","1556.0"
"2019","Ciencias Económicas","2019 - 2 - 11 - Febrero - Marzo","Ausente","1228.0"
"2019","Ciencias Económicas","2019 - 2 - Mayo","Reprobado","1.0"
"2019","Ciencias Económicas","2019 - 2 - Julio - Agosto","Reprobado","1854.0"
"2019","Ciencias Económicas","2019 - 2 - 11 - Noviembre - Diciembre","Reprobado","1480.0"
"2019","Ciencias Económicas","2019 - 2 - Nivelación","Reprobado","1669.0"
"2019","Ciencias Económicas","2019 - 2 - 11 - Febrero - Marzo","Reprobado","1059.0"
"2019","Contador Público","2019 - 2 - Mayo","Aprobado","711.0"
"2019","Contador Público","2019 - 2 - Julio - Agosto","Aprobado","7032.0"
"2019","Contador Público","2019 - 2 - 11 - Noviembre - Diciembre","Aprobado","6114.0"
"2019","Contador Público","2019 - 2 - Nivelación","Aprobado","10.0"
"2019","Contador Público","2019 - 2 - Septiembre","Aprobado","519.0"
"2019","Contador Público","2019 - 2 - 11 - Febrero - Marzo","Aprobado","3748.0"
"2019","Contador Público","2019 - 2 - Mayo","Ausente","1141.0"
"2019","Contador Público","2019 - 2 - Julio - Agosto","Ausente","7885.0"
"2019","Contador Público","2019 - 2 - 11 - Noviembre - Diciembre","Ausente","5720.0"
"2019","Contador Público","2019 - 2 - Septiembre","Ausente","755.0"
"2019","Contador Público","2019 - 2 - 11 - Febrero - Marzo","Ausente","5332.0"
"2019","Contador Público","2019 - 2 - Mayo","Reprobado","624.0"
"2019","Contador Público","2019 - 2 - Julio - Agosto","Reprobado","4031.0"
"2019","Contador Público","2019 - 2 - 11 - Noviembre - Diciembre","Reprobado","3416.0"
"2019","Contador Público","2019 - 2 - Nivelación","Reprobado","5.0"
"2019","Contador Público","2019 - 2 - Septiembre","Reprobado","361.0"
"2019","Contador Público","2019 - 2 - 11 - Febrero - Marzo","Reprobado","3095.0"
"2019","Licenciatura en Administración","2019 - 2 - Mayo","Aprobado","165.0"
"2019","Licenciatura en Administración","2019 - 2 - Julio - Agosto","Aprobado","2007.0"
"2019","Licenciatura en Administración","2019 - 2 - 11 - Noviembre - Diciembre","Aprobado","1669.0"
"2019","Licenciatura en Administración","2019 - 2 - Nivelación","Aprobado","1.0"
"2019","Licenciatura en Administración","2019 - 2 - Septiembre","Aprobado","152.0"
"2019","Licenciatura en Administración","2019 - 2 - 11 - Febrero - Marzo","Aprobado","893.0"
"2019","Licenciatura en Administración","2019 - 2 - Mayo","Ausente","199.0"
"2019","Licenciatura en Administración","2019 - 2 - Julio - Agosto","Ausente","1855.0"
"2019","Licenciatura en Administración","2019 - 2 - 11 - Noviembre - Diciembre","Ausente","1322.0"
"2019","Licenciatura en Administración","2019 - 2 - Septiembre","Ausente","153.0"
"2019","Licenciatura en Administración","2019 - 2 - 11 - Febrero - Marzo","Ausente","1129.0"
"2019","Licenciatura en Administración","2019 - 2 - Mayo","Reprobado","63.0"
"2019","Licenciatura en Administración","2019 - 2 - Julio - Agosto","Reprobado","750.0"
"2019","Licenciatura en Administración","2019 - 2 - 11 - Noviembre - Diciembre","Reprobado","627.0"
"2019","Licenciatura en Administración","2019 - 2 - Nivelación","Reprobado","1.0"
"2019","Licenciatura en Administración","2019 - 2 - Septiembre","Reprobado","52.0"
"2019","Licenciatura en Administración","2019 - 2 - 11 - Febrero - Marzo","Reprobado","587.0"
"2019","Licenciatura en Economía","2019 - 2 - Mayo","Aprobado","59.0"
"2019","Licenciatura en Economía","2019 - 2 - Julio - Agosto","Aprobado","650.0"
"2019","Licenciatura en Economía","2019 - 2 - 11 - Noviembre - Diciembre","Aprobado","637.0"
"2019","Licenciatura en Economía","2019 - 2 - Nivelación","Aprobado","4.0"
"2019","Licenciatura en Economía","2019 - 2 - Septiembre","Aprobado","55.0"
"2019","Licenciatura en Economía","2019 - 2 - 11 - Febrero - Marzo","Aprobado","432.0"
"2019","Licenciatura en Economía","2019 - 2 - Mayo","Ausente","46.0"
"2019","Licenciatura en Economía","2019 - 2 - Julio - Agosto","Ausente","463.0"
"2019","Licenciatura en Economía","2019 - 2 - 11 - Noviembre - Diciembre","Ausente","351.0"
"2019","Licenciatura en Economía","2019 - 2 - Septiembre","Ausente","52.0"
"2019","Licenciatura en Economía","2019 - 2 - 11 - Febrero - Marzo","Ausente","319.0"
"2019","Licenciatura en Economía","2019 - 2 - Mayo","Reprobado","13.0"
"2019","Licenciatura en Economía","2019 - 2 - Julio - Agosto","Reprobado","221.0"
"2019","Licenciatura en Economía","2019 - 2 - 11 - Noviembre - Diciembre","Reprobado","130.0"
"2019","Licenciatura en Economía","2019 - 2 - Nivelación","Reprobado","2.0"
"2019","Licenciatura en Economía","2019 - 2 - Septiembre","Reprobado","16.0"
"2019","Licenciatura en Economía","2019 - 2 - 11 - Febrero - Marzo","Reprobado","145.0"
"2019","Profesorado de Enseñanza Media y Superior en Ciencias Económicas -Ciclo de Complementación Curricular-","2019 - 2 - Mayo","Aprobado","22.0"
"2019","Profesorado de Enseñanza Media y Superior en Ciencias Económicas -Ciclo de Complementación Curricular-","2019 - 2 - Julio - Agosto","Aprobado","382.0"
"2019","Profesorado de Enseñanza Media y Superior en Ciencias Económicas -Ciclo de Complementación Curricular-","2019 - 2 - 11 - Noviembre - Diciembre","Aprobado","243.0"
"2019","Profesorado de Enseñanza Media y Superior en Ciencias Económicas -Ciclo de Complementación Curricular-","2019 - 2 - Septiembre","Aprobado","22.0"
"2019","Profesorado de Enseñanza Media y Superior en Ciencias Económicas -Ciclo de Complementación Curricular-","2019 - 2 - 11 - Febrero - Marzo","Aprobado","84.0"
"2019","Profesorado de Enseñanza Media y Superior en Ciencias Económicas -Ciclo de Complementación Curricular-","2019 - 2 - Mayo","Ausente","11.0"
"2019","Profesorado de Enseñanza Media y Superior en Ciencias Económicas -Ciclo de Complementación Curricular-","2019 - 2 - Julio - Agosto","Ausente","125.0"
"2019","Profesorado de Enseñanza Media y Superior en Ciencias Económicas -Ciclo de Complementación Curricular-","2019 - 2 - 11 - Noviembre - Diciembre","Ausente","74.0"
"2019","Profesorado de Enseñanza Media y Superior en Ciencias Económicas -Ciclo de Complementación Curricular-","2019 - 2 - Septiembre","Ausente","20.0"
"2019","Profesorado de Enseñanza Media y Superior en Ciencias Económicas -Ciclo de Complementación Curricular-","2019 - 2 - 11 - Febrero - Marzo","Ausente","62.0"
"2019","Profesorado de Enseñanza Media y Superior en Ciencias Económicas -Ciclo de Complementación Curricular-","2019 - 2 - Julio - Agosto","Reprobado","3.0"
"2019","Profesorado de Enseñanza Media y Superior en Ciencias Económicas -Ciclo de Complementación Curricular-","2019 - 2 - 11 - Febrero - Marzo","Reprobado","1.0"
"2019","Doctorado en Ciencias Económicas con Mención Ciencias Empresariales","2019 - 2 - 2019","Aprobado","55.0"
"2019","Doctorado en Ciencias Económicas con Mención Ciencias Empresariales","2019 - 2 - Turno Único 2019","Aprobado","47.0"
"2019","Doctorado en Ciencias Económicas con Mención en Ciencias Empresariales","2019 - 2 - 2019","Aprobado","1.0"
"2019","Doctorado en Ciencias Económicas con Mención en Ciencias Empresariales","2019 - 2 - Turno Único 2019","Aprobado","1.0"
"2019","Doctorado en Ciencias Económicas con Mención en Ciencias Empresariales","2019 - 2 - Turno Único 2019","Aprobado","1.0"
"2019","Doctorado en Ciencias Económicas con Mención en Economía","2019 - 2 - 2019","Aprobado","28.0"
"2019","Doctorado en Ciencias Económicas con Mención en Economía","2019 - 2 - Turno Único 2019","Aprobado","13.0"
"2019","Doctorado en Ciencias Económicas con Mención en Economía","2019 - 2 - 2019","Ausente","1.0"
"2019","Doctorado en Demografía","2019 - 2 - 2019","Aprobado","55.0"
"2019","Doctorado en Demografía","2019 - 2 - Turno Único 2019","Aprobado","23.0"
"2019","Doctorado en Demografía","2019 - 2 - 2019","Ausente","1.0"
"2019","Doctorado en Demografía","2019 - 2 - Turno Único 2019","Ausente","10.0"
"2019","Especialización en Contabilidad Superior y Auditoría","2019 - 2 - 2019","Aprobado","114.0"
"2019","Especialización en Contabilidad Superior y Auditoría","2019 - 2 - Turno Único 2019","Aprobado","232.0"
"2019","Especialización en Contabilidad Superior y Auditoría","2019 - 2 - 2019","Ausente","3.0"
"2019","Especialización en Contabilidad Superior y Auditoría","2019 - 2 - Turno Único 2019","Ausente","3.0"
"2019","Especialización en Contabilidad Superior y Auditoría","2019 - 2 - 2019","Reprobado","3.0"
"2019","Especialización en Contabilidad Superior y Auditoría","2019 - 2 - Turno Único 2019","Reprobado","3.0"
"2019","Especialización en Derecho del Trabajo y de la Seguridad Social","2019 - 2 - 2019","Aprobado","19.0"
"2019","Especialización en Derecho del Trabajo y de la Seguridad Social","2019 - 2 - Turno Único 2019","Aprobado","2.0"
"2019","Especialización en Derecho del Trabajo y de la Seguridad Social","2019 - 2 - 2019","Ausente","2.0"
"2019","Especialización en Gestión de Tecnologías Innovadoras","2019 - 2 - 2019","Aprobado","65.0"
"2019","Especialización en Gestión de Tecnologías Innovadoras","2019 - 2 - Turno Único 2019","Aprobado","34.0"
"2019","Especialización en Gestión de Tecnologías Innovadoras","2019 - 2 - Turno Único 2019","Ausente","13.0"
"2019","Especialización en Sindicatura Concursal","2019 - 2 - 2019","Aprobado","52.0"
"2019","Especialización en Sindicatura Concursal","2019 - 2 - Turno Único 2019","Aprobado","35.0"
"2019","Especialización en Tributación","2019 - 2 - 2019","Aprobado","123.0"
"2019","Especialización en Tributación","2019 - 2 - Turno Único 2019","Aprobado","127.0"
"2019","Especialización en Tributación","2019 - 2 - 2019","Ausente","18.0"
"2019","Especialización en Tributación","2019 - 2 - 2019","Reprobado","6.0"
"2019","Especialización en Tributación","2019 - 2 - Turno Único 2019","Reprobado","1.0"
"2019","Maestría en Comercio Internacional","2019 - 2 - 2019","Aprobado","50.0"
"2019","Maestría en Comercio Internacional","2019 - 2 - Turno Único 2019","Aprobado","87.0"
"2019","Maestría en Comercio Internacional","2019 - 2 - 2019","Ausente","2.0"
"2019","Maestría en Comercio Internacional","2019 - 2 - Turno Único 2019","Ausente","3.0"
"2019","Maestría en Dirección de Negocios","2019 - 2 - 2019","Aprobado","609.0"
"2019","Maestría en Dirección de Negocios","2019 - 2 - Turno Único 2019","Aprobado","41.0"
"2019","Maestría en Dirección de Negocios","2019 - 2 - 2019","Ausente","37.0"
"2019","Maestría en Dirección de Negocios","2019 - 2 - Turno Único 2019","Ausente","3.0"
"2019","Maestría en Economía Pública y Políticas Económicas Sociales y Regionales","2019 - 2 - 2019","Aprobado","132.0"
"2019","Maestría en Economía Pública y Políticas Económicas Sociales y Regionales","2019 - 2 - Turno Único 2019","Aprobado","69.0"
"2019","Maestría en Economía Pública y Políticas Económicas Sociales y Regionales","2019 - 2 - 2019","Ausente","43.0"
"2019","Maestría en Economía Pública y Políticas Económicas Sociales y Regionales","2019 - 2 - Turno Único 2019","Ausente","3.0"
"2019","Maestría en Economía Pública y Políticas Económicas Sociales y Regionales","2019 - 2 - 2019","Reprobado","6.0"
"2019","Maestría en Estadística Aplicada","2019 - 2 - 2019","Aprobado","52.0"
"2019","Maestría en Estadística Aplicada","2019 - 2 - Turno Único 2019","Aprobado","62.0"
"2019","Maestría en Estadística Aplicada","2019 - 2 - 2019","Ausente","10.0"
"2019","Maestría en Estadística Aplicada","2019 - 2 - Turno Único 2019","Ausente","15.0"
"2019","VOCACIONALES POSGRADO","2019 - 2 - 2019","Aprobado","15.0"
"2019","VOCACIONALES POSGRADO","2019 - 2 - Turno Único 2019","Aprobado","1.0"
"2019","11-Bachiller Universitario en Ciencias Sociales","2019 - 2 - Julio - Agosto","Aprobado","15.0"
"2019","11-Bachiller Universitario en Ciencias Sociales","2019 - 2 - 11 - Noviembre - Diciembre","Aprobado","3.0"
"2019","11-Bachiller Universitario en Ciencias Sociales","2019 - 2 - Julio - Agosto","Ausente","34.0"
"2019","11-Bachiller Universitario en Ciencias Sociales","2019 - 2 - 11 - Noviembre - Diciembre","Ausente","2.0"
"2019","11-Bachiller Universitario en Ciencias Sociales","2019 - 2 - Septiembre","Ausente","4.0"
"2019","11-Bachiller Universitario en Ciencias Sociales","2019 - 2 - 11 - Febrero - Marzo","Ausente","3.0"
"2019","11-Bachiller Universitario en Ciencias Sociales","2019 - 2 - Julio - Agosto","Reprobado","7.0"
"2019","11-Bachiller Universitario en Ciencias Sociales","2019 - 2 - 11 - Noviembre - Diciembre","Reprobado","2.0"
"2019","11-Bachiller Universitario en Ciencias Sociales","2019 - 2 - Septiembre","Reprobado","2.0"
"2019","11-Bachiller Universitario en Ciencias Sociales","2019 - 2 - 11 - Febrero - Marzo","Reprobado","2.0"
"2019","Bachiller en Ciencias Económicas - Orientación en Contabilidad","2019 - 2 - Julio - Agosto","Ausente","1.0"
"2019","Tecnicatura en Gestión Universitaria - Modalidad a Distancia -","2019 - 2 - Julio - Agosto","Aprobado","39.0"
"2019","Tecnicatura en Gestión Universitaria - Modalidad a Distancia -","2019 - 2 - 11 - Noviembre - Diciembre","Aprobado","56.0"
"2019","Tecnicatura en Gestión Universitaria - Modalidad a Distancia -","2019 - 2 - 11 - Febrero - Marzo","Aprobado","21.0"
"2019","Tecnicatura en Gestión Universitaria - Modalidad a Distancia -","2019 - 2 - Julio - Agosto","Ausente","22.0"
"2019","Tecnicatura en Gestión Universitaria - Modalidad a Distancia -","2019 - 2 - 11 - Noviembre - Diciembre","Ausente","14.0"
"2019","Tecnicatura en Gestión Universitaria - Modalidad a Distancia -","2019 - 2 - 11 - Febrero - Marzo","Ausente","10.0"
"2019","Tecnicatura en Gestión Universitaria - Modalidad a Distancia -","2019 - 2 - 11 - Noviembre - Diciembre","Reprobado","2.0"
"2019","11-ALUMNOS INTERNACIONALES","2019 - 2 - Julio - Agosto","Aprobado","41.0"
"2019","11-ALUMNOS INTERNACIONALES","2019 - 2 - 11 - Noviembre - Diciembre","Aprobado","28.0"
"2019","11-ALUMNOS INTERNACIONALES","2019 - 2 - Mayo","Ausente","2.0"
"2019","11-ALUMNOS INTERNACIONALES","2019 - 2 - Julio - Agosto","Ausente","3.0"
"2019","11-ALUMNOS INTERNACIONALES","2019 - 2 - 11 - Noviembre - Diciembre","Ausente","7.0"
"2019","11-ALUMNOS INTERNACIONALES","2019 - 2 - Julio - Agosto","Reprobado","3.0"
"2019","11-ALUMNOS INTERNACIONALES","2019 - 2 - 11 - Noviembre - Diciembre","Reprobado","5.0"
"2019","11-VOCACIONALES","2019 - 2 - Julio - Agosto","Aprobado","1.0"
"2019","11-VOCACIONALES","2019 - 2 - 11 - Noviembre - Diciembre","Aprobado","3.0"
"2019","11-VOCACIONALES","2019 - 2 - 11 - Noviembre - Diciembre","Ausente","1.0"
"2019","11-VOCACIONALES","2019 - 2 - Septiembre","Ausente","1.0"
"2020","Ciencias Económicas","2020 - 2 - 11 - Febrero - Marzo","Aprobado","919.0"
"2020","Ciencias Económicas","2020 - 2 - 11- Julio - Agosto","Aprobado","2976.0"
"2020","Ciencias Económicas","2020 - 2 - 11 - Noviembre - Diciembre","Aprobado","2845.0"
"2020","Ciencias Económicas","2020 - 2 - 11 - Nivelación","Aprobado","3634.0"
"2020","Ciencias Económicas","2020 - 2 - 11 - Febrero - Marzo","Ausente","1453.0"
"2020","Ciencias Económicas","2020 - 2 - 11- Julio - Agosto","Ausente","2485.0"
"2020","Ciencias Económicas","2020 - 2 - 11 - Noviembre - Diciembre","Ausente","1935.0"
"2020","Ciencias Económicas","2020 - 2 - 11 - Febrero - Marzo","Reprobado","1245.0"
"2020","Ciencias Económicas","2020 - 2 - 11- Julio - Agosto","Reprobado","2098.0"
"2020","Ciencias Económicas","2020 - 2 - 11 - Noviembre - Diciembre","Reprobado","1870.0"
"2020","Ciencias Económicas","2020 - 2 - 11 - Nivelación","Reprobado","970.0"
"2020","Contador Público","2020 - 2 - 11 - Febrero - Marzo","Aprobado","4447.0"
"2020","Contador Público","2020 - 2 - 11- Julio - Agosto","Aprobado","6482.0"
"2020","Contador Público","2020 - 2 - 11 - Noviembre - Diciembre","Aprobado","6665.0"
"2020","Contador Público","2020 - 2 - 11 - Turno Especial de Mayo","Aprobado","757.0"
"2020","Contador Público","2020 - 2 - 11 - Turno Especial de Septiembre","Aprobado","756.0"
"2020","Contador Público","2020 - 2 - 11 - Nivelación","Aprobado","18.0"
"2020","Contador Público","2020 - 2 - 11 - Febrero - Marzo","Ausente","6586.0"
"2020","Contador Público","2020 - 2 - 11- Julio - Agosto","Ausente","9057.0"
"2020","Contador Público","2020 - 2 - 11 - Noviembre - Diciembre","Ausente","7420.0"
"2020","Contador Público","2020 - 2 - 11 - Turno Especial de Mayo","Ausente","1934.0"
"2020","Contador Público","2020 - 2 - 11 - Turno Especial de Septiembre","Ausente","1147.0"
"2020","Contador Público","2020 - 2 - 11 - Febrero - Marzo","Reprobado","3423.0"
"2020","Contador Público","2020 - 2 - 11- Julio - Agosto","Reprobado","4485.0"
"2020","Contador Público","2020 - 2 - 11 - Noviembre - Diciembre","Reprobado","3430.0"
"2020","Contador Público","2020 - 2 - 11 - Turno Especial de Mayo","Reprobado","650.0"
"2020","Contador Público","2020 - 2 - 11 - Turno Especial de Septiembre","Reprobado","550.0"
"2020","Contador Público","2020 - 2 - 11 - Nivelación","Reprobado","9.0"
"2020","Licenciatura en Administración","2020 - 2 - 11 - Febrero - Marzo","Aprobado","1130.0"
"2020","Licenciatura en Administración","2020 - 2 - 11- Julio - Agosto","Aprobado","1837.0"
"2020","Licenciatura en Administración","2020 - 2 - 11 - Noviembre - Diciembre","Aprobado","1782.0"
"2020","Licenciatura en Administración","2020 - 2 - 11 - Turno Especial de Mayo","Aprobado","170.0"
"2020","Licenciatura en Administración","2020 - 2 - 11 - Turno Especial de Septiembre","Aprobado","159.0"
"2020","Licenciatura en Administración","2020 - 2 - 11 - Nivelación","Aprobado","4.0"
"2020","Licenciatura en Administración","2020 - 2 - 11 - Febrero - Marzo","Ausente","1487.0"
"2020","Licenciatura en Administración","2020 - 2 - 11- Julio - Agosto","Ausente","2099.0"
"2020","Licenciatura en Administración","2020 - 2 - 11 - Noviembre - Diciembre","Ausente","1834.0"
"2020","Licenciatura en Administración","2020 - 2 - 11 - Turno Especial de Mayo","Ausente","326.0"
"2020","Licenciatura en Administración","2020 - 2 - 11 - Turno Especial de Septiembre","Ausente","245.0"
"2020","Licenciatura en Administración","2020 - 2 - 11 - Nivelación","Ausente","1.0"
"2020","Licenciatura en Administración","2020 - 2 - 11 - Febrero - Marzo","Reprobado","737.0"
"2020","Licenciatura en Administración","2020 - 2 - 11- Julio - Agosto","Reprobado","1004.0"
"2020","Licenciatura en Administración","2020 - 2 - 11 - Noviembre - Diciembre","Reprobado","792.0"
"2020","Licenciatura en Administración","2020 - 2 - 11 - Turno Especial de Mayo","Reprobado","137.0"
"2020","Licenciatura en Administración","2020 - 2 - 11 - Turno Especial de Septiembre","Reprobado","86.0"
"2020","Licenciatura en Administración","2020 - 2 - 11 - Nivelación","Reprobado","5.0"
"2020","Licenciatura en Economía","2020 - 2 - 11 - Febrero - Marzo","Aprobado","498.0"
"2020","Licenciatura en Economía","2020 - 2 - 11- Julio - Agosto","Aprobado","727.0"
"2020","Licenciatura en Economía","2020 - 2 - 11 - Noviembre - Diciembre","Aprobado","734.0"
"2020","Licenciatura en Economía","2020 - 2 - 11 - Turno Especial de Mayo","Aprobado","68.0"
"2020","Licenciatura en Economía","2020 - 2 - 11 - Turno Especial de Septiembre","Aprobado","77.0"
"2020","Licenciatura en Economía","2020 - 2 - 11 - Nivelación","Aprobado","4.0"
"2020","Licenciatura en Economía","2020 - 2 - 11 - Febrero - Marzo","Ausente","414.0"
"2020","Licenciatura en Economía","2020 - 2 - 11- Julio - Agosto","Ausente","602.0"
"2020","Licenciatura en Economía","2020 - 2 - 11 - Noviembre - Diciembre","Ausente","459.0"
"2020","Licenciatura en Economía","2020 - 2 - 11 - Turno Especial de Mayo","Ausente","73.0"
"2020","Licenciatura en Economía","2020 - 2 - 11 - Turno Especial de Septiembre","Ausente","64.0"
"2020","Licenciatura en Economía","2020 - 2 - 11 - Febrero - Marzo","Reprobado","212.0"
"2020","Licenciatura en Economía","2020 - 2 - 11- Julio - Agosto","Reprobado","286.0"
"2020","Licenciatura en Economía","2020 - 2 - 11 - Noviembre - Diciembre","Reprobado","216.0"
"2020","Licenciatura en Economía","2020 - 2 - 11 - Turno Especial de Mayo","Reprobado","19.0"
"2020","Licenciatura en Economía","2020 - 2 - 11 - Turno Especial de Septiembre","Reprobado","17.0"
"2020","Licenciatura en Economía","2020 - 2 - 11 - Nivelación","Reprobado","3.0"
"2020","Licenciatura en Gestión Universitaria","2020 - 2 - 11 - Febrero - Marzo","Aprobado","7.0"
"2020","Licenciatura en Gestión Universitaria","2020 - 2 - 11- Julio - Agosto","Aprobado","116.0"
"2020","Licenciatura en Gestión Universitaria","2020 - 2 - 11 - Noviembre - Diciembre","Aprobado","176.0"
"2020","Licenciatura en Gestión Universitaria","2020 - 2 - 11 - Febrero - Marzo","Ausente","9.0"
"2020","Licenciatura en Gestión Universitaria","2020 - 2 - 11- Julio - Agosto","Ausente","3.0"
"2020","Licenciatura en Gestión Universitaria","2020 - 2 - 11 - Noviembre - Diciembre","Ausente","30.0"
"2020","Licenciatura en Gestión Universitaria","2020 - 2 - 11 - Noviembre - Diciembre","Reprobado","6.0"
"2020","Profesorado de Enseñanza Media y Superior en Ciencias Económicas -Ciclo de Complementación Curricular-","2020 - 2 - 11 - Febrero - Marzo","Aprobado","108.0"
"2020","Profesorado de Enseñanza Media y Superior en Ciencias Económicas -Ciclo de Complementación Curricular-","2020 - 2 - 11- Julio - Agosto","Aprobado","405.0"
"2020","Profesorado de Enseñanza Media y Superior en Ciencias Económicas -Ciclo de Complementación Curricular-","2020 - 2 - 11 - Noviembre - Diciembre","Aprobado","367.0"
"2020","Profesorado de Enseñanza Media y Superior en Ciencias Económicas -Ciclo de Complementación Curricular-","2020 - 2 - 11 - Turno Especial de Mayo","Aprobado","39.0"
"2020","Profesorado de Enseñanza Media y Superior en Ciencias Económicas -Ciclo de Complementación Curricular-","2020 - 2 - 11 - Turno Especial de Septiembre","Aprobado","62.0"
"2020","Profesorado de Enseñanza Media y Superior en Ciencias Económicas -Ciclo de Complementación Curricular-","2020 - 2 - 11 - Febrero - Marzo","Ausente","66.0"
"2020","Profesorado de Enseñanza Media y Superior en Ciencias Económicas -Ciclo de Complementación Curricular-","2020 - 2 - 11- Julio - Agosto","Ausente","162.0"
"2020","Profesorado de Enseñanza Media y Superior en Ciencias Económicas -Ciclo de Complementación Curricular-","2020 - 2 - 11 - Noviembre - Diciembre","Ausente","113.0"
"2020","Profesorado de Enseñanza Media y Superior en Ciencias Económicas -Ciclo de Complementación Curricular-","2020 - 2 - 11 - Turno Especial de Mayo","Ausente","22.0"
"2020","Profesorado de Enseñanza Media y Superior en Ciencias Económicas -Ciclo de Complementación Curricular-","2020 - 2 - 11 - Turno Especial de Septiembre","Ausente","48.0"
"2020","Profesorado de Enseñanza Media y Superior en Ciencias Económicas -Ciclo de Complementación Curricular-","2020 - 2 - 11 - Febrero - Marzo","Reprobado","4.0"
"2020","Profesorado de Enseñanza Media y Superior en Ciencias Económicas -Ciclo de Complementación Curricular-","2020 - 2 - 11- Julio - Agosto","Reprobado","5.0"
"2020","Profesorado de Enseñanza Media y Superior en Ciencias Económicas -Ciclo de Complementación Curricular-","2020 - 2 - 11 - Noviembre - Diciembre","Reprobado","7.0"
"2020","Doctorado en Ciencias Económicas con Mención Ciencias Empresariales","2020 - 2 - P11 - Turno Febrero 2021","Aprobado","2.0"
"2020","Doctorado en Ciencias Económicas con Mención Ciencias Empresariales","2020 - 2 - Turno Diciembre 2020-Posgrado-Facultad de Ciencias Económicas","Aprobado","2.0"
"2020","Doctorado en Ciencias Económicas con Mención Ciencias Empresariales","2020 - 2 - Turno Único 2020","Aprobado","30.0"
"2020","Doctorado en Ciencias Económicas con Mención Ciencias Empresariales","2020 - 2 - Turno Septiembre 2020","Aprobado","1.0"
"2020","Doctorado en Ciencias Económicas con Mención Ciencias Empresariales","2020 - 2 - Turno Octubre 2020","Aprobado","14.0"
"2020","Doctorado en Ciencias Económicas con Mención Ciencias Empresariales","2020 - 2 - Turno Noviembre 2020","Aprobado","6.0"
"2020","Doctorado en Ciencias Económicas con Mención en Ciencias Empresariales","2020 - 2 - Turno Único 2020","Aprobado","1.0"
"2020","Doctorado en Ciencias Económicas con Mención en Ciencias Empresariales","2020 - 2 - Turno Noviembre 2020","Aprobado","1.0"
"2020","Doctorado en Ciencias Económicas con Mención en Ciencias Empresariales","2020 - 2 - Turno Único 2020","Aprobado","1.0"
"2020","Doctorado en Ciencias Económicas con Mención en Economía","2020 - 2 - P11 - Turno Febrero 2021","Aprobado","1.0"
"2020","Doctorado en Ciencias Económicas con Mención en Economía","2020 - 2 - Turno Diciembre 2020-Posgrado-Facultad de Ciencias Económicas","Aprobado","1.0"
"2020","Doctorado en Ciencias Económicas con Mención en Economía","2020 - 2 - Turno Único 2020","Aprobado","21.0"
"2020","Doctorado en Ciencias Económicas con Mención en Economía","2020 - 2 - Turno Octubre 2020","Aprobado","3.0"
"2020","Doctorado en Ciencias Económicas con Mención en Economía","2020 - 2 - Turno Noviembre 2020","Aprobado","4.0"
"2020","Doctorado en Demografía","2020 - 2 - P11 - Turno Febrero 2021","Aprobado","62.0"
"2020","Doctorado en Demografía","2020 - 2 - Turno Diciembre 2020-Posgrado-Facultad de Ciencias Económicas","Aprobado","52.0"
"2020","Doctorado en Demografía","2020 - 2 - Turno Único 2020","Aprobado","392.0"
"2020","Doctorado en Demografía","2020 - 2 - Turno Septiembre 2020","Aprobado","4.0"
"2020","Doctorado en Demografía","2020 - 2 - Turno Octubre 2020","Aprobado","1.0"
"2020","Doctorado en Demografía","2020 - 2 - Turno Noviembre 2020","Aprobado","24.0"
"2020","Doctorado en Demografía","2020 - 2 - P11 - Turno Febrero 2021","Ausente","1.0"
"2020","Doctorado en Demografía","2020 - 2 - Turno Único 2020","Ausente","1.0"
"2020","Especialización en Contabilidad Superior y Auditoría","2020 - 2 - P11 - Turno Febrero 2021","Aprobado","4.0"
"2020","Especialización en Contabilidad Superior y Auditoría","2020 - 2 - Turno Diciembre 2020-Posgrado-Facultad de Ciencias Económicas","Aprobado","54.0"
"2020","Especialización en Contabilidad Superior y Auditoría","2020 - 2 - Turno Único 2020","Aprobado","96.0"
"2020","Especialización en Contabilidad Superior y Auditoría","2020 - 2 - Turno Septiembre 2020","Aprobado","98.0"
"2020","Especialización en Contabilidad Superior y Auditoría","2020 - 2 - Turno Octubre 2020","Aprobado","66.0"
"2020","Especialización en Contabilidad Superior y Auditoría","2020 - 2 - Turno Noviembre 2020","Aprobado","57.0"
"2020","Especialización en Contabilidad Superior y Auditoría","2020 - 2 - Turno Diciembre 2020-Posgrado-Facultad de Ciencias Económicas","Ausente","17.0"
"2020","Especialización en Contabilidad Superior y Auditoría","2020 - 2 - Turno Único 2020","Ausente","3.0"
"2020","Especialización en Contabilidad Superior y Auditoría","2020 - 2 - Turno Septiembre 2020","Ausente","2.0"
"2020","Especialización en Contabilidad Superior y Auditoría","2020 - 2 - Turno Noviembre 2020","Ausente","2.0"
"2020","Especialización en Contabilidad Superior y Auditoría","2020 - 2 - P11 - Turno Febrero 2021","Reprobado","1.0"
"2020","Especialización en Contabilidad Superior y Auditoría","2020 - 2 - Turno Diciembre 2020-Posgrado-Facultad de Ciencias Económicas","Reprobado","1.0"
"2020","Especialización en Derecho del Trabajo y de la Seguridad Social","2020 - 2 - P11 - Turno Febrero 2021","Aprobado","1.0"
"2020","Especialización en Derecho del Trabajo y de la Seguridad Social","2020 - 2 - Turno Diciembre 2020-Posgrado-Facultad de Ciencias Económicas","Aprobado","17.0"
"2020","Especialización en Derecho del Trabajo y de la Seguridad Social","2020 - 2 - Turno Único 2020","Aprobado","19.0"
"2020","Especialización en Derecho del Trabajo y de la Seguridad Social","2020 - 2 - Turno Octubre 2020","Aprobado","19.0"
"2020","Especialización en Gestión de Tecnologías Innovadoras","2020 - 2 - Turno Diciembre 2020-Posgrado-Facultad de Ciencias Económicas","Aprobado","53.0"
"2020","Especialización en Gestión de Tecnologías Innovadoras","2020 - 2 - Turno Único 2020","Aprobado","1.0"
"2020","Especialización en Gestión de Tecnologías Innovadoras","2020 - 2 - Turno Septiembre 2020","Aprobado","37.0"
"2020","Especialización en Gestión de Tecnologías Innovadoras","2020 - 2 - Turno Octubre 2020","Aprobado","58.0"
"2020","Especialización en Gestión de Tecnologías Innovadoras","2020 - 2 - Turno Noviembre 2020","Aprobado","14.0"
"2020","Especialización en Gestión de Tecnologías Innovadoras","2020 - 2 - Turno Octubre 2020","Ausente","22.0"
"2020","Especialización en Gestión de Tecnologías Innovadoras","2020 - 2 - Turno Noviembre 2020","Ausente","12.0"
"2020","Especialización en Sindicatura Concursal","2020 - 2 - P11 - Turno Febrero 2021","Aprobado","4.0"
"2020","Especialización en Sindicatura Concursal","2020 - 2 - Turno Diciembre 2020-Posgrado-Facultad de Ciencias Económicas","Aprobado","1.0"
"2020","Especialización en Sindicatura Concursal","2020 - 2 - Turno Único 2020","Aprobado","25.0"
"2020","Especialización en Sindicatura Concursal","2020 - 2 - Turno Septiembre 2020","Aprobado","7.0"
"2020","Especialización en Sindicatura Concursal","2020 - 2 - Turno Noviembre 2020","Aprobado","2.0"
"2020","Especialización en Tributación","2020 - 2 - P11 - Turno Febrero 2021","Aprobado","2.0"
"2020","Especialización en Tributación","2020 - 2 - Turno Diciembre 2020-Posgrado-Facultad de Ciencias Económicas","Aprobado","43.0"
"2020","Especialización en Tributación","2020 - 2 - Turno Único 2020","Aprobado","66.0"
"2020","Especialización en Tributación","2020 - 2 - Turno Septiembre 2020","Aprobado","29.0"
"2020","Especialización en Tributación","2020 - 2 - Turno Octubre 2020","Aprobado","22.0"
"2020","Especialización en Tributación","2020 - 2 - Turno Noviembre 2020","Aprobado","7.0"
"2020","Especialización en Tributación","2020 - 2 - Turno Único 2020","Ausente","8.0"
"2020","Especialización en Tributación","2020 - 2 - Turno Septiembre 2020","Ausente","4.0"
"2020","Especialización en Tributación","2020 - 2 - Turno Octubre 2020","Ausente","2.0"
"2020","Especialización en Tributación","2020 - 2 - Turno Septiembre 2020","Reprobado","3.0"
"2020","Maestría en Comercio Internacional","2020 - 2 - Turno Diciembre 2020-Posgrado-Facultad de Ciencias Económicas","Aprobado","25.0"
"2020","Maestría en Comercio Internacional","2020 - 2 - Turno Único 2020","Aprobado","46.0"
"2020","Maestría en Comercio Internacional","2020 - 2 - Turno Septiembre 2020","Aprobado","22.0"
"2020","Maestría en Comercio Internacional","2020 - 2 - Turno Noviembre 2020","Aprobado","21.0"
"2020","Maestría en Comercio Internacional","2020 - 2 - Turno Diciembre 2020-Posgrado-Facultad de Ciencias Económicas","Ausente","1.0"
"2020","Maestría en Comercio Internacional","2020 - 2 - Turno Único 2020","Ausente","1.0"
"2020","Maestría en Comercio Internacional","2020 - 2 - Turno Octubre 2020","Ausente","5.0"
"2020","Maestría en Comercio Internacional","2020 - 2 - Turno Noviembre 2020","Ausente","8.0"
"2020","Maestría en Comercio Internacional","2020 - 2 - Turno Diciembre 2020-Posgrado-Facultad de Ciencias Económicas","Reprobado","2.0"
"2020","Maestría en Dirección de Negocios","2020 - 2 - P11 - Turno Febrero 2021","Aprobado","72.0"
"2020","Maestría en Dirección de Negocios","2020 - 2 - Turno Diciembre 2020-Posgrado-Facultad de Ciencias Económicas","Aprobado","114.0"
"2020","Maestría en Dirección de Negocios","2020 - 2 - Turno Único 2020","Aprobado","277.0"
"2020","Maestría en Dirección de Negocios","2020 - 2 - Turno Septiembre 2020","Aprobado","157.0"
"2020","Maestría en Dirección de Negocios","2020 - 2 - Turno Octubre 2020","Aprobado","87.0"
"2020","Maestría en Dirección de Negocios","2020 - 2 - Turno Noviembre 2020","Aprobado","158.0"
"2020","Maestría en Dirección de Negocios","2020 - 2 - P11 - Turno Febrero 2021","Ausente","2.0"
"2020","Maestría en Dirección de Negocios","2020 - 2 - Turno Único 2020","Ausente","2.0"
"2020","Maestría en Dirección de Negocios","2020 - 2 - Turno Noviembre 2020","Ausente","1.0"
"2020","Maestría en Dirección de Negocios","2020 - 2 - Turno Diciembre 2020-Posgrado-Facultad de Ciencias Económicas","Reprobado","2.0"
"2020","Maestría en Economía Pública y Políticas Económicas Sociales y Regionales","2020 - 2 - P11 - Turno Febrero 2021","Aprobado","6.0"
"2020","Maestría en Economía Pública y Políticas Económicas Sociales y Regionales","2020 - 2 - Turno Diciembre 2020-Posgrado-Facultad de Ciencias Económicas","Aprobado","30.0"
"2020","Maestría en Economía Pública y Políticas Económicas Sociales y Regionales","2020 - 2 - Turno Único 2020","Aprobado","72.0"
"2020","Maestría en Economía Pública y Políticas Económicas Sociales y Regionales","2020 - 2 - Turno Septiembre 2020","Aprobado","15.0"
"2020","Maestría en Economía Pública y Políticas Económicas Sociales y Regionales","2020 - 2 - Turno Octubre 2020","Aprobado","28.0"
"2020","Maestría en Economía Pública y Políticas Económicas Sociales y Regionales","2020 - 2 - Turno Noviembre 2020","Aprobado","34.0"
"2020","Maestría en Economía Pública y Políticas Económicas Sociales y Regionales","2020 - 2 - P11 - Turno Febrero 2021","Ausente","1.0"
"2020","Maestría en Economía Pública y Políticas Económicas Sociales y Regionales","2020 - 2 - Turno Único 2020","Ausente","3.0"
"2020","Maestría en Economía Pública y Políticas Económicas Sociales y Regionales","2020 - 2 - Turno Septiembre 2020","Ausente","2.0"
"2020","Maestría en Economía Pública y Políticas Económicas Sociales y Regionales","2020 - 2 - Turno Octubre 2020","Ausente","2.0"
"2020","Maestría en Economía Pública y Políticas Económicas Sociales y Regionales","2020 - 2 - Turno Diciembre 2020-Posgrado-Facultad de Ciencias Económicas","Reprobado","2.0"
"2020","Maestría en Economía Pública y Políticas Económicas Sociales y Regionales","2020 - 2 - Turno Único 2020","Reprobado","1.0"
"2020","Maestría en Economía Pública y Políticas Económicas Sociales y Regionales","2020 - 2 - Turno Septiembre 2020","Reprobado","1.0"
"2020","Maestría en Estadística Aplicada","2020 - 2 - Turno Diciembre 2020-Posgrado-Facultad de Ciencias Económicas","Aprobado","11.0"
"2020","Maestría en Estadística Aplicada","2020 - 2 - Turno Único 2020","Aprobado","132.0"
"2020","Maestría en Estadística Aplicada","2020 - 2 - Turno Septiembre 2020","Aprobado","26.0"
"2020","Maestría en Estadística Aplicada","2020 - 2 - Turno Octubre 2020","Aprobado","1.0"
"2020","Maestría en Estadística Aplicada","2020 - 2 - Turno Noviembre 2020","Aprobado","8.0"
"2020","Maestría en Estadística Aplicada","2020 - 2 - Turno Diciembre 2020-Posgrado-Facultad de Ciencias Económicas","Ausente","4.0"
"2020","Maestría en Estadística Aplicada","2020 - 2 - Turno Único 2020","Ausente","19.0"
"2020","Maestría en Estadística Aplicada","2020 - 2 - Turno Septiembre 2020","Ausente","5.0"
"2020","Maestría en Estadística Aplicada","2020 - 2 - Turno Noviembre 2020","Ausente","1.0"
"2020","Maestría en Estadística Aplicada","2020 - 2 - Turno Septiembre 2020","VACIO/NULO","1.0"
"2020","VOCACIONALES POSGRADO","2020 - 2 - Turno Único 2020","Aprobado","4.0"
"2020","VOCACIONALES POSGRADO","2020 - 2 - Turno Noviembre 2020","Aprobado","2.0"
"2020","VOCACIONALES POSGRADO","2020 - 2 - Turno Diciembre 2020-Posgrado-Facultad de Ciencias Económicas","Ausente","1.0"
"2020","VOCACIONALES POSGRADO","2020 - 2 - Turno Único 2020","Ausente","1.0"
"2020","11-Bachiller Universitario en Ciencias Sociales","2020 - 2 - 11 - Febrero - Marzo","Aprobado","1.0"
"2020","11-Bachiller Universitario en Ciencias Sociales","2020 - 2 - 11- Julio - Agosto","Aprobado","2.0"
"2020","11-Bachiller Universitario en Ciencias Sociales","2020 - 2 - 11 - Noviembre - Diciembre","Aprobado","1.0"
"2020","11-Bachiller Universitario en Ciencias Sociales","2020 - 2 - 11 - Turno Especial de Mayo","Aprobado","2.0"
"2020","11-Bachiller Universitario en Ciencias Sociales","2020 - 2 - 11- Julio - Agosto","Ausente","4.0"
"2020","11-Bachiller Universitario en Ciencias Sociales","2020 - 2 - 11 - Turno Especial de Mayo","Ausente","3.0"
"2020","11-Bachiller Universitario en Ciencias Sociales","2020 - 2 - 11 - Turno Especial de Septiembre","Ausente","1.0"
"2020","11-Bachiller Universitario en Ciencias Sociales","2020 - 2 - 11 - Turno Especial de Mayo","Reprobado","1.0"
"2020","Tecnicatura en Gestión Universitaria - Modalidad a Distancia -","2020 - 2 - 11 - Febrero - Marzo","Aprobado","7.0"
"2020","Tecnicatura en Gestión Universitaria - Modalidad a Distancia -","2020 - 2 - 11- Julio - Agosto","Aprobado","11.0"
"2020","Tecnicatura en Gestión Universitaria - Modalidad a Distancia -","2020 - 2 - 11 - Noviembre - Diciembre","Aprobado","9.0"
"2020","Tecnicatura en Gestión Universitaria - Modalidad a Distancia -","2020 - 2 - 11 - Febrero - Marzo","Ausente","6.0"
"2020","Tecnicatura en Gestión Universitaria - Modalidad a Distancia -","2020 - 2 - 11- Julio - Agosto","Ausente","2.0"
"2020","Tecnicatura en Gestión Universitaria - Modalidad a Distancia -","2020 - 2 - 11 - Noviembre - Diciembre","Ausente","11.0"
"2020","11-ALUMNOS INTERNACIONALES","2020 - 2 - 11- Julio - Agosto","Aprobado","17.0"
"2020","11-ALUMNOS INTERNACIONALES","2020 - 2 - 11 - Noviembre - Diciembre","Aprobado","1.0"
"2020","11-ALUMNOS INTERNACIONALES","2020 - 2 - 11 - Turno Especial de Mayo","Aprobado","2.0"
"2020","11-ALUMNOS INTERNACIONALES","2020 - 2 - 11 - Turno Especial de Septiembre","Aprobado","1.0"
"2020","11-ALUMNOS INTERNACIONALES","2020 - 2 - 11- Julio - Agosto","Ausente","10.0"
"2020","11-ALUMNOS INTERNACIONALES","2020 - 2 - 11 - Turno Especial de Mayo","Ausente","1.0"
"2020","11-ALUMNOS INTERNACIONALES","2020 - 2 - 11- Julio - Agosto","Reprobado","3.0"
"2020","11-ALUMNOS INTERNACIONALES","2020 - 2 - 11 - Turno Especial de Septiembre","Reprobado","1.0"
"2020","11-VOCACIONALES","2020 - 2 - 11 - Noviembre - Diciembre","Aprobado","1.0"
"2020","11-VOCACIONALES","2020 - 2 - 11 - Febrero - Marzo","Ausente","1.0"
"2020","11-VOCACIONALES","2020 - 2 - 11 - Noviembre - Diciembre","Ausente","1.0"
"2021","Ciencias Económicas","2021 - 2 - 11 - Nivelación","Aprobado","3388.0"
"2021","Ciencias Económicas","2021 - 2 - 11 - Julio - Agosto","Aprobado","3344.0"
"2021","Ciencias Económicas","2021 - 2 - 11 - Noviembre Diciembre 2021","Aprobado","2058.0"
"2021","Ciencias Económicas","2021 - 2 - 11 - Julio - Agosto","Ausente","2426.0"
"2021","Ciencias Económicas","2021 - 2 - 11 - Noviembre Diciembre 2021","Ausente","1806.0"
"2021","Ciencias Económicas","2021 - 2 - 11 - Nivelación","Reprobado","1226.0"
"2021","Ciencias Económicas","2021 - 2 - 11 - Julio - Agosto","Reprobado","2324.0"
"2021","Ciencias Económicas","2021 - 2 - 11 - Noviembre Diciembre 2021","Reprobado","1741.0"
"2021","Ciencias Económicas","2021 - 2 - 11 - Noviembre Diciembre 2021","VACIO/NULO","100.0"
"2021","Contador Público","2021 - 2 - 11 - Nivelación","Aprobado","12.0"
"2021","Contador Público","2021 - 2 - 11 - Julio - Agosto","Aprobado","6732.0"
"2021","Contador Público","2021 - 2 - 11 - Turno Especial de Mayo","Aprobado","663.0"
"2021","Contador Público","2021 - 2 - 11 - Turno Especial de Septiembre","Aprobado","667.0"
"2021","Contador Público","2021 - 2 - 11 - Noviembre Diciembre 2021","Aprobado","4663.0"
"2021","Contador Público","2021 - 2 - 11 - Julio - Agosto","Ausente","7541.0"
"2021","Contador Público","2021 - 2 - 11 - Turno Especial de Mayo","Ausente","1553.0"
"2021","Contador Público","2021 - 2 - 11 - Turno Especial de Septiembre","Ausente","1025.0"
"2021","Contador Público","2021 - 2 - 11 - Noviembre Diciembre 2021","Ausente","6105.0"
"2021","Contador Público","2021 - 2 - 11 - Nivelación","Reprobado","8.0"
"2021","Contador Público","2021 - 2 - 11 - Julio - Agosto","Reprobado","3903.0"
"2021","Contador Público","2021 - 2 - 11 - Turno Especial de Mayo","Reprobado","451.0"
"2021","Contador Público","2021 - 2 - 11 - Turno Especial de Septiembre","Reprobado","508.0"
"2021","Contador Público","2021 - 2 - 11 - Noviembre Diciembre 2021","Reprobado","2872.0"
"2021","Contador Público","2021 - 2 - 11 - Noviembre Diciembre 2021","VACIO/NULO","733.0"
"2021","Licenciatura en Administración","2021 - 2 - 11 - Nivelación","Aprobado","3.0"
"2021","Licenciatura en Administración","2021 - 2 - 11 - Julio - Agosto","Aprobado","2017.0"
"2021","Licenciatura en Administración","2021 - 2 - 11 - Turno Especial de Mayo","Aprobado","148.0"
"2021","Licenciatura en Administración","2021 - 2 - 11 - Turno Especial de Septiembre","Aprobado","163.0"
"2021","Licenciatura en Administración","2021 - 2 - 11 - Noviembre Diciembre 2021","Aprobado","1400.0"
"2021","Licenciatura en Administración","2021 - 2 - 11 - Julio - Agosto","Ausente","1834.0"
"2021","Licenciatura en Administración","2021 - 2 - 11 - Turno Especial de Mayo","Ausente","258.0"
"2021","Licenciatura en Administración","2021 - 2 - 11 - Turno Especial de Septiembre","Ausente","210.0"
"2021","Licenciatura en Administración","2021 - 2 - 11 - Noviembre Diciembre 2021","Ausente","1514.0"
"2021","Licenciatura en Administración","2021 - 2 - 11 - Nivelación","Reprobado","3.0"
"2021","Licenciatura en Administración","2021 - 2 - 11 - Julio - Agosto","Reprobado","1032.0"
"2021","Licenciatura en Administración","2021 - 2 - 11 - Turno Especial de Mayo","Reprobado","62.0"
"2021","Licenciatura en Administración","2021 - 2 - 11 - Turno Especial de Septiembre","Reprobado","88.0"
"2021","Licenciatura en Administración","2021 - 2 - 11 - Noviembre Diciembre 2021","Reprobado","673.0"
"2021","Licenciatura en Administración","2021 - 2 - 11 - Noviembre Diciembre 2021","VACIO/NULO","141.0"
"2021","Licenciatura en Economía","2021 - 2 - 11 - Julio - Agosto","Aprobado","893.0"
"2021","Licenciatura en Economía","2021 - 2 - 11 - Turno Especial de Mayo","Aprobado","58.0"
"2021","Licenciatura en Economía","2021 - 2 - 11 - Turno Especial de Septiembre","Aprobado","75.0"
"2021","Licenciatura en Economía","2021 - 2 - 11 - Noviembre Diciembre 2021","Aprobado","656.0"
"2021","Licenciatura en Economía","2021 - 2 - 11 - Julio - Agosto","Ausente","602.0"
"2021","Licenciatura en Economía","2021 - 2 - 11 - Turno Especial de Mayo","Ausente","49.0"
"2021","Licenciatura en Economía","2021 - 2 - 11 - Turno Especial de Septiembre","Ausente","56.0"
"2021","Licenciatura en Economía","2021 - 2 - 11 - Noviembre Diciembre 2021","Ausente","555.0"
"2021","Licenciatura en Economía","2021 - 2 - 11 - Julio - Agosto","Reprobado","264.0"
"2021","Licenciatura en Economía","2021 - 2 - 11 - Turno Especial de Mayo","Reprobado","7.0"
"2021","Licenciatura en Economía","2021 - 2 - 11 - Turno Especial de Septiembre","Reprobado","11.0"
"2021","Licenciatura en Economía","2021 - 2 - 11 - Noviembre Diciembre 2021","Reprobado","212.0"
"2021","Licenciatura en Economía","2021 - 2 - 11 - Noviembre Diciembre 2021","VACIO/NULO","17.0"
"2021","Licenciatura en Gestión Universitaria","2021 - 2 - 11 - Julio - Agosto","Aprobado","195.0"
"2021","Licenciatura en Gestión Universitaria","2021 - 2 - 11 - Noviembre Diciembre 2021","Aprobado","342.0"
"2021","Licenciatura en Gestión Universitaria","2021 - 2 - 11 - Julio - Agosto","Ausente","34.0"
"2021","Licenciatura en Gestión Universitaria","2021 - 2 - 11 - Noviembre Diciembre 2021","Ausente","80.0"
"2021","Licenciatura en Gestión Universitaria","2021 - 2 - 11 - Julio - Agosto","Reprobado","27.0"
"2021","Licenciatura en Gestión Universitaria","2021 - 2 - 11 - Noviembre Diciembre 2021","Reprobado","36.0"
"2021","Licenciatura en Gestión Universitaria","2021 - 2 - 11 - Noviembre Diciembre 2021","VACIO/NULO","14.0"
"2021","Profesorado de Enseñanza Media y Superior en Ciencias Económicas -Ciclo de Complementación Curricular-","2021 - 2 - 11 - Julio - Agosto","Aprobado","344.0"
"2021","Profesorado de Enseñanza Media y Superior en Ciencias Económicas -Ciclo de Complementación Curricular-","2021 - 2 - 11 - Turno Especial de Mayo","Aprobado","21.0"
"2021","Profesorado de Enseñanza Media y Superior en Ciencias Económicas -Ciclo de Complementación Curricular-","2021 - 2 - 11 - Turno Especial de Septiembre","Aprobado","30.0"
"2021","Profesorado de Enseñanza Media y Superior en Ciencias Económicas -Ciclo de Complementación Curricular-","2021 - 2 - 11 - Noviembre Diciembre 2021","Aprobado","224.0"
"2021","Profesorado de Enseñanza Media y Superior en Ciencias Económicas -Ciclo de Complementación Curricular-","2021 - 2 - 11 - Julio - Agosto","Ausente","132.0"
"2021","Profesorado de Enseñanza Media y Superior en Ciencias Económicas -Ciclo de Complementación Curricular-","2021 - 2 - 11 - Turno Especial de Mayo","Ausente","28.0"
"2021","Profesorado de Enseñanza Media y Superior en Ciencias Económicas -Ciclo de Complementación Curricular-","2021 - 2 - 11 - Turno Especial de Septiembre","Ausente","28.0"
"2021","Profesorado de Enseñanza Media y Superior en Ciencias Económicas -Ciclo de Complementación Curricular-","2021 - 2 - 11 - Noviembre Diciembre 2021","Ausente","60.0"
"2021","Profesorado de Enseñanza Media y Superior en Ciencias Económicas -Ciclo de Complementación Curricular-","2021 - 2 - 11 - Julio - Agosto","Reprobado","6.0"
"2021","Profesorado de Enseñanza Media y Superior en Ciencias Económicas -Ciclo de Complementación Curricular-","2021 - 2 - 11 - Turno Especial de Septiembre","Reprobado","1.0"
"2021","Doctorado en Ciencias Económicas","2021 - 2 - P11 - Turno Julio 2021","Aprobado","1.0"
"2021","Doctorado en Ciencias Económicas con Mención Ciencias Empresariales","2021 - 2 - P11 - Turno Abril 2021","Aprobado","14.0"
"2021","Doctorado en Ciencias Económicas con Mención Ciencias Empresariales","2021 - 2 - P11 - Turno Marzo 2021","Aprobado","10.0"
"2021","Doctorado en Ciencias Económicas con Mención Ciencias Empresariales","2021 - 2 - P11 - Turno Junio 2021","Aprobado","3.0"
"2021","Doctorado en Ciencias Económicas con Mención Ciencias Empresariales","2021 - 2 - P11 - Turno Septiembre 2021 - Posgrado de Ciencias Económicas","Aprobado","12.0"
"2021","Doctorado en Ciencias Económicas con Mención Ciencias Empresariales","2021 - 2 - P11 - Turno Julio 2021","Aprobado","6.0"
"2021","Doctorado en Ciencias Económicas con Mención Ciencias Empresariales","2021 - 2 - P11 - Turno Agosto 2021","Aprobado","3.0"
"2021","Doctorado en Ciencias Económicas con Mención Ciencias Empresariales","2021 - 2 - P11 - Turno Octubre 2021","Aprobado","6.0"
"2021","Doctorado en Ciencias Económicas con Mención Ciencias Empresariales","2021 - 2 - P11 - Turno Mayo 2021-Posgrado Ciencias Económicas","Aprobado","1.0"
"2021","Doctorado en Ciencias Económicas con Mención Ciencias Empresariales","2021 - 2 - P11 - Turno Diciembre 2021","Aprobado","4.0"
"2021","Doctorado en Ciencias Económicas con Mención en Ciencias Empresariales","2021 - 2 - P11 - Turno Septiembre 2021 - Posgrado de Ciencias Económicas","Aprobado","1.0"
"2021","Doctorado en Ciencias Económicas con Mención en Ciencias Empresariales","2021 - 2 - P11 - Turno Agosto 2021","Aprobado","1.0"
"2021","Doctorado en Ciencias Económicas con Mención en Economía","2021 - 2 - P11 - Turno Abril 2021","Aprobado","10.0"
"2021","Doctorado en Ciencias Económicas con Mención en Economía","2021 - 2 - P11 - Turno Marzo 2021","Aprobado","9.0"
"2021","Doctorado en Ciencias Económicas con Mención en Economía","2021 - 2 - P11 - Turno Junio 2021","Aprobado","6.0"
"2021","Doctorado en Ciencias Económicas con Mención en Economía","2021 - 2 - P11 - Turno Septiembre 2021 - Posgrado de Ciencias Económicas","Aprobado","1.0"
"2021","Doctorado en Ciencias Económicas con Mención en Economía","2021 - 2 - P11 - Turno Julio 2021","Aprobado","15.0"
"2021","Doctorado en Ciencias Económicas con Mención en Economía","2021 - 2 - P11 - Turno Agosto 2021","Aprobado","5.0"
"2021","Doctorado en Ciencias Económicas con Mención en Economía","2021 - 2 - P11 - Turno Mayo 2021-Posgrado Ciencias Económicas","Aprobado","3.0"
"2021","Doctorado en Ciencias Económicas con Mención en Economía","2021 - 2 - P11 - Turno Noviembre 2021","Aprobado","2.0"
"2021","Doctorado en Ciencias Económicas con Mención en Economía","2021 - 2 - P11 - Turno Diciembre 2021","Aprobado","4.0"
"2021","Doctorado en Ciencias Económicas con Mención en Economía","2021 - 2 - P11 - Turno Junio 2021","VACIO/NULO","1.0"
"2021","Doctorado en Demografía","2021 - 2 - P11 - Turno Abril 2021","Aprobado","44.0"
"2021","Doctorado en Demografía","2021 - 2 - P11 - Turno Marzo 2021","Aprobado","11.0"
"2021","Doctorado en Demografía","2021 - 2 - P11 - Turno Junio 2021","Aprobado","44.0"
"2021","Doctorado en Demografía","2021 - 2 - P11 - Turno Septiembre 2021 - Posgrado de Ciencias Económicas","Aprobado","24.0"
"2021","Doctorado en Demografía","2021 - 2 - P11 - Turno Julio 2021","Aprobado","9.0"
"2021","Doctorado en Demografía","2021 - 2 - P11 - Turno Agosto 2021","Aprobado","23.0"
"2021","Doctorado en Demografía","2021 - 2 - P11 - Turno Octubre 2021","Aprobado","32.0"
"2021","Doctorado en Demografía","2021 - 2 - P11 - Turno Mayo 2021-Posgrado Ciencias Económicas","Aprobado","42.0"
"2021","Doctorado en Demografía","2021 - 2 - P11 - Turno Noviembre 2021","Aprobado","20.0"
"2021","Doctorado en Demografía","2021 - 2 - P11 - Turno Diciembre 2021","Aprobado","37.0"
"2021","Doctorado en Demografía","2021 - 2 - P11 - Turno Abril 2021","Ausente","4.0"
"2021","Doctorado en Demografía","2021 - 2 - P11 - Turno Septiembre 2021 - Posgrado de Ciencias Económicas","Ausente","2.0"
"2021","Doctorado en Demografía","2021 - 2 - P11 - Turno Julio 2021","Ausente","1.0"
"2021","Doctorado en Demografía","2021 - 2 - P11 - Turno Noviembre 2021","Ausente","2.0"
"2021","Doctorado en Demografía","2021 - 2 - P11 - Turno Noviembre 2021","VACIO/NULO","9.0"
"2021","Doctorado en Demografía","2021 - 2 - P11 - Turno Diciembre 2021","VACIO/NULO","11.0"
"2021","Especialista en Gestión Cultural","2021 - 2 - P11 - Turno Septiembre 2021 - Posgrado de Ciencias Económicas","Aprobado","6.0"
"2021","Especialista en Gestión Cultural","2021 - 2 - P11 - Turno Julio 2021","Aprobado","86.0"
"2021","Especialista en Gestión Cultural","2021 - 2 - P11 - Turno Agosto 2021","Aprobado","48.0"
"2021","Especialista en Gestión Cultural","2021 - 2 - P11 - Turno Noviembre 2021","Aprobado","236.0"
"2021","Especialista en Gestión Cultural","2021 - 2 - P11 - Turno Julio 2021","Ausente","6.0"
"2021","Especialista en Gestión Cultural","2021 - 2 - P11 - Turno Agosto 2021","Ausente","1.0"
"2021","Especialista en Gestión Cultural","2021 - 2 - P11 - Turno Noviembre 2021","Ausente","1.0"
"2021","Especialista en Gestión Cultural","2021 - 2 - P11 - Turno Noviembre 2021","Reprobado","15.0"
"2021","Especialización en Contabilidad Superior y Auditoría","2021 - 2 - P11 - Turno Marzo 2021","Aprobado","48.0"
"2021","Especialización en Contabilidad Superior y Auditoría","2021 - 2 - P11 - Turno Junio 2021","Aprobado","26.0"
"2021","Especialización en Contabilidad Superior y Auditoría","2021 - 2 - P11 - Turno Septiembre 2021 - Posgrado de Ciencias Económicas","Aprobado","131.0"
"2021","Especialización en Contabilidad Superior y Auditoría","2021 - 2 - P11 - Turno Julio 2021","Aprobado","32.0"
"2021","Especialización en Contabilidad Superior y Auditoría","2021 - 2 - P11 - Turno Agosto 2021","Aprobado","62.0"
"2021","Especialización en Contabilidad Superior y Auditoría","2021 - 2 - P11 - Turno Octubre 2021","Aprobado","23.0"
"2021","Especialización en Contabilidad Superior y Auditoría","2021 - 2 - P11 - Turno Mayo 2021-Posgrado Ciencias Económicas","Aprobado","1.0"
"2021","Especialización en Contabilidad Superior y Auditoría","2021 - 2 - P11 - Turno Noviembre 2021","Aprobado","48.0"
"2021","Especialización en Contabilidad Superior y Auditoría","2021 - 2 - P11 - Turno Diciembre 2021","Aprobado","13.0"
"2021","Especialización en Contabilidad Superior y Auditoría","2021 - 2 - P11 - Turno Marzo 2021","Ausente","2.0"
"2021","Especialización en Contabilidad Superior y Auditoría","2021 - 2 - P11 - Turno Junio 2021","Ausente","1.0"
"2021","Especialización en Contabilidad Superior y Auditoría","2021 - 2 - P11 - Turno Septiembre 2021 - Posgrado de Ciencias Económicas","Ausente","14.0"
"2021","Especialización en Contabilidad Superior y Auditoría","2021 - 2 - P11 - Turno Agosto 2021","Ausente","8.0"
"2021","Especialización en Contabilidad Superior y Auditoría","2021 - 2 - P11 - Turno Octubre 2021","Ausente","1.0"
"2021","Especialización en Contabilidad Superior y Auditoría","2021 - 2 - P11 - Turno Mayo 2021-Posgrado Ciencias Económicas","Ausente","1.0"
"2021","Especialización en Contabilidad Superior y Auditoría","2021 - 2 - P11 - Turno Noviembre 2021","Ausente","3.0"
"2021","Especialización en Contabilidad Superior y Auditoría","2021 - 2 - P11 - Turno Julio 2021","Reprobado","1.0"
"2021","Especialización en Contabilidad Superior y Auditoría","2021 - 2 - P11 - Turno Agosto 2021","Reprobado","4.0"
"2021","Especialización en Contabilidad Superior y Auditoría","2021 - 2 - P11 - Turno Octubre 2021","Reprobado","5.0"
"2021","Especialización en Contabilidad Superior y Auditoría","2021 - 2 - P11 - Turno Diciembre 2021","VACIO/NULO","7.0"
"2021","Especialización en Derecho del Trabajo y de la Seguridad Social","2021 - 2 - P11 - Turno Abril 2021","Aprobado","2.0"
"2021","Especialización en Derecho del Trabajo y de la Seguridad Social","2021 - 2 - P11 - Turno Junio 2021","Aprobado","1.0"
"2021","Especialización en Derecho del Trabajo y de la Seguridad Social","2021 - 2 - P11 - Turno Agosto 2021","Aprobado","13.0"
"2021","Especialización en Derecho del Trabajo y de la Seguridad Social","2021 - 2 - P11 - Turno Octubre 2021","Aprobado","4.0"
"2021","Especialización en Derecho del Trabajo y de la Seguridad Social","2021 - 2 - P11 - Turno Diciembre 2021","Aprobado","13.0"
"2021","Especialización en Gestión de Tecnologías Innovadoras","2021 - 2 - P11 - Turno Abril 2021","Aprobado","9.0"
"2021","Especialización en Gestión de Tecnologías Innovadoras","2021 - 2 - P11 - Turno Marzo 2021","Aprobado","8.0"
"2021","Especialización en Gestión de Tecnologías Innovadoras","2021 - 2 - P11 - Turno Junio 2021","Aprobado","13.0"
"2021","Especialización en Gestión de Tecnologías Innovadoras","2021 - 2 - P11 - Turno Julio 2021","Aprobado","8.0"
"2021","Especialización en Gestión de Tecnologías Innovadoras","2021 - 2 - P11 - Turno Octubre 2021","Aprobado","2.0"
"2021","Especialización en Gestión de Tecnologías Innovadoras","2021 - 2 - P11 - Turno Mayo 2021-Posgrado Ciencias Económicas","Aprobado","12.0"
"2021","Especialización en Gestión de Tecnologías Innovadoras","2021 - 2 - P11 - Turno Noviembre 2021","Aprobado","16.0"
"2021","Especialización en Gestión de Tecnologías Innovadoras","2021 - 2 - P11 - Turno Diciembre 2021","Aprobado","8.0"
"2021","Especialización en Gestión de Tecnologías Innovadoras","2021 - 2 - P11 - Turno Marzo 2021","Ausente","1.0"
"2021","Especialización en Gestión de Tecnologías Innovadoras","2021 - 2 - P11 - Turno Mayo 2021-Posgrado Ciencias Económicas","Ausente","8.0"
"2021","Especialización en Gestión de Tecnologías Innovadoras","2021 - 2 - P11 - Turno Noviembre 2021","VACIO/NULO","8.0"
"2021","Especialización en Gestión de Tecnologías Innovadoras","2021 - 2 - P11 - Turno Diciembre 2021","VACIO/NULO","18.0"
"2021","Especialización en Tributación","2021 - 2 - P11 - Turno Abril 2021","Aprobado","6.0"
"2021","Especialización en Tributación","2021 - 2 - P11 - Turno Marzo 2021","Aprobado","14.0"
"2021","Especialización en Tributación","2021 - 2 - P11 - Turno Junio 2021","Aprobado","13.0"
"2021","Especialización en Tributación","2021 - 2 - P11 - Turno Septiembre 2021 - Posgrado de Ciencias Económicas","Aprobado","1.0"
"2021","Especialización en Tributación","2021 - 2 - P11 - Turno Agosto 2021","Aprobado","36.0"
"2021","Especialización en Tributación","2021 - 2 - P11 - Turno Octubre 2021","Aprobado","24.0"
"2021","Especialización en Tributación","2021 - 2 - P11 - Turno Mayo 2021-Posgrado Ciencias Económicas","Aprobado","11.0"
"2021","Especialización en Tributación","2021 - 2 - P11 - Turno Noviembre 2021","Aprobado","22.0"
"2021","Especialización en Tributación","2021 - 2 - P11 - Turno Diciembre 2021","Aprobado","53.0"
"2021","Especialización en Tributación","2021 - 2 - P11 - Turno Abril 2021","Ausente","8.0"
"2021","Especialización en Tributación","2021 - 2 - P11 - Turno Marzo 2021","Ausente","4.0"
"2021","Especialización en Tributación","2021 - 2 - P11 - Turno Junio 2021","Ausente","9.0"
"2021","Especialización en Tributación","2021 - 2 - P11 - Turno Agosto 2021","Ausente","1.0"
"2021","Especialización en Tributación","2021 - 2 - P11 - Turno Agosto 2021","Reprobado","3.0"
"2021","Especialización en Tributación","2021 - 2 - P11 - Turno Diciembre 2021","Reprobado","2.0"
"2021","Especialización en Tributación","2021 - 2 - P11 - Turno Septiembre 2021 - Posgrado de Ciencias Económicas","VACIO/NULO","28.0"
"2021","Especialización en Tributación","2021 - 2 - P11 - Turno Noviembre 2021","VACIO/NULO","16.0"
"2021","Maestría en Comercio Internacional","2021 - 2 - P11 - Turno Marzo 2021","Aprobado","25.0"
"2021","Maestría en Comercio Internacional","2021 - 2 - P11 - Turno Junio 2021","Aprobado","18.0"
"2021","Maestría en Comercio Internacional","2021 - 2 - P11 - Turno Septiembre 2021 - Posgrado de Ciencias Económicas","Aprobado","16.0"
"2021","Maestría en Comercio Internacional","2021 - 2 - P11 - Turno Julio 2021","Aprobado","1.0"
"2021","Maestría en Comercio Internacional","2021 - 2 - P11 - Turno Agosto 2021","Aprobado","25.0"
"2021","Maestría en Comercio Internacional","2021 - 2 - P11 - Turno Noviembre 2021","Aprobado","52.0"
"2021","Maestría en Comercio Internacional","2021 - 2 - P11 - Turno Diciembre 2021","Aprobado","13.0"
"2021","Maestría en Comercio Internacional","2021 - 2 - P11 - Turno Junio 2021","Ausente","1.0"
"2021","Maestría en Comercio Internacional","2021 - 2 - P11 - Turno Julio 2021","Ausente","2.0"
"2021","Maestría en Comercio Internacional","2021 - 2 - P11 - Turno Junio 2021","Reprobado","2.0"
"2021","Maestría en Comercio Internacional","2021 - 2 - P11 - Turno Julio 2021","Reprobado","2.0"
"2021","Maestría en Comercio Internacional","2021 - 2 - P11 - Turno Octubre 2021","VACIO/NULO","38.0"
"2021","Maestría en Comercio Internacional","2021 - 2 - P11 - Turno Diciembre 2021","VACIO/NULO","1.0"
"2021","Maestría en Dirección de Negocios","2021 - 2 - P11 - Turno Marzo 2021","Aprobado","1.0"
"2021","Maestría en Dirección de Negocios","2021 - 2 - P11 - Turno Junio 2021","Aprobado","59.0"
"2021","Maestría en Dirección de Negocios","2021 - 2 - P11 - Turno Septiembre 2021 - Posgrado de Ciencias Económicas","Aprobado","112.0"
"2021","Maestría en Dirección de Negocios","2021 - 2 - P11 - Turno Julio 2021","Aprobado","103.0"
"2021","Maestría en Dirección de Negocios","2021 - 2 - P11 - Turno Agosto 2021","Aprobado","14.0"
"2021","Maestría en Dirección de Negocios","2021 - 2 - P11 - Turno Octubre 2021","Aprobado","57.0"
"2021","Maestría en Dirección de Negocios","2021 - 2 - P11 - Turno Mayo 2021-Posgrado Ciencias Económicas","Aprobado","41.0"
"2021","Maestría en Dirección de Negocios","2021 - 2 - P11 - Turno Noviembre 2021","Aprobado","29.0"
"2021","Maestría en Dirección de Negocios","2021 - 2 - P11 - Turno Diciembre 2021","Aprobado","32.0"
"2021","Maestría en Dirección de Negocios","2021 - 2 - P11 - Turno Septiembre 2021 - Posgrado de Ciencias Económicas","Ausente","7.0"
"2021","Maestría en Dirección de Negocios","2021 - 2 - P11 - Turno Julio 2021","Ausente","1.0"
"2021","Maestría en Dirección de Negocios","2021 - 2 - P11 - Turno Agosto 2021","Ausente","14.0"
"2021","Maestría en Dirección de Negocios","2021 - 2 - P11 - Turno Octubre 2021","Ausente","1.0"
"2021","Maestría en Dirección de Negocios","2021 - 2 - P11 - Turno Noviembre 2021","Ausente","1.0"
"2021","Maestría en Dirección de Negocios","2021 - 2 - P11 - Turno Diciembre 2021","Ausente","3.0"
"2021","Maestría en Dirección de Negocios","2021 - 2 - P11 - Turno Octubre 2021","VACIO/NULO","61.0"
"2021","Maestría en Dirección de Negocios","2021 - 2 - P11 - Turno Diciembre 2021","VACIO/NULO","98.0"
"2021","Maestría en Economía Pública y Políticas Económicas Sociales y Regionales","2021 - 2 - P11 - Turno Abril 2021","Aprobado","17.0"
"2021","Maestría en Economía Pública y Políticas Económicas Sociales y Regionales","2021 - 2 - P11 - Turno Marzo 2021","Aprobado","8.0"
"2021","Maestría en Economía Pública y Políticas Económicas Sociales y Regionales","2021 - 2 - P11 - Turno Junio 2021","Aprobado","8.0"
"2021","Maestría en Economía Pública y Políticas Económicas Sociales y Regionales","2021 - 2 - P11 - Turno Septiembre 2021 - Posgrado de Ciencias Económicas","Aprobado","3.0"
"2021","Maestría en Economía Pública y Políticas Económicas Sociales y Regionales","2021 - 2 - P11 - Turno Julio 2021","Aprobado","34.0"
"2021","Maestría en Economía Pública y Políticas Económicas Sociales y Regionales","2021 - 2 - P11 - Turno Agosto 2021","Aprobado","31.0"
"2021","Maestría en Economía Pública y Políticas Económicas Sociales y Regionales","2021 - 2 - P11 - Turno Octubre 2021","Aprobado","5.0"
"2021","Maestría en Economía Pública y Políticas Económicas Sociales y Regionales","2021 - 2 - P11 - Turno Mayo 2021-Posgrado Ciencias Económicas","Aprobado","27.0"
"2021","Maestría en Economía Pública y Políticas Económicas Sociales y Regionales","2021 - 2 - P11 - Turno Noviembre 2021","Aprobado","3.0"
"2021","Maestría en Economía Pública y Políticas Económicas Sociales y Regionales","2021 - 2 - P11 - Turno Diciembre 2021","Aprobado","19.0"
"2021","Maestría en Economía Pública y Políticas Económicas Sociales y Regionales","2021 - 2 - P11 - Turno Abril 2021","Ausente","2.0"
"2021","Maestría en Economía Pública y Políticas Económicas Sociales y Regionales","2021 - 2 - P11 - Turno Marzo 2021","Ausente","2.0"
"2021","Maestría en Economía Pública y Políticas Económicas Sociales y Regionales","2021 - 2 - P11 - Turno Junio 2021","Ausente","2.0"
"2021","Maestría en Economía Pública y Políticas Económicas Sociales y Regionales","2021 - 2 - P11 - Turno Septiembre 2021 - Posgrado de Ciencias Económicas","Ausente","2.0"
"2021","Maestría en Economía Pública y Políticas Económicas Sociales y Regionales","2021 - 2 - P11 - Turno Julio 2021","Ausente","3.0"
"2021","Maestría en Economía Pública y Políticas Económicas Sociales y Regionales","2021 - 2 - P11 - Turno Agosto 2021","Ausente","16.0"
"2021","Maestría en Economía Pública y Políticas Económicas Sociales y Regionales","2021 - 2 - P11 - Turno Octubre 2021","Ausente","14.0"
"2021","Maestría en Economía Pública y Políticas Económicas Sociales y Regionales","2021 - 2 - P11 - Turno Mayo 2021-Posgrado Ciencias Económicas","Ausente","2.0"
"2021","Maestría en Economía Pública y Políticas Económicas Sociales y Regionales","2021 - 2 - P11 - Turno Noviembre 2021","Ausente","3.0"
"2021","Maestría en Economía Pública y Políticas Económicas Sociales y Regionales","2021 - 2 - P11 - Turno Diciembre 2021","Ausente","2.0"
"2021","Maestría en Economía Pública y Políticas Económicas Sociales y Regionales","2021 - 2 - P11 - Turno Mayo 2021-Posgrado Ciencias Económicas","Reprobado","7.0"
"2021","Maestría en Economía Pública y Políticas Económicas Sociales y Regionales","2021 - 2 - P11 - Turno Diciembre 2021","Reprobado","2.0"
"2021","Maestría en Economía Pública y Políticas Económicas Sociales y Regionales","2021 - 2 - P11 - Turno Julio 2021","VACIO/NULO","16.0"
"2021","Maestría en Economía Pública y Políticas Económicas Sociales y Regionales","2021 - 2 - P11 - Turno Noviembre 2021","VACIO/NULO","14.0"
"2021","Maestría en Economía Pública y Políticas Económicas Sociales y Regionales","2021 - 2 - P11 - Turno Diciembre 2021","VACIO/NULO","16.0"
"2021","Maestría en Estadística Aplicada","2021 - 2 - P11 - Turno Abril 2021","Aprobado","5.0"
"2021","Maestría en Estadística Aplicada","2021 - 2 - P11 - Turno Marzo 2021","Aprobado","9.0"
"2021","Maestría en Estadística Aplicada","2021 - 2 - P11 - Turno Junio 2021","Aprobado","29.0"
"2021","Maestría en Estadística Aplicada","2021 - 2 - P11 - Turno Septiembre 2021 - Posgrado de Ciencias Económicas","Aprobado","16.0"
"2021","Maestría en Estadística Aplicada","2021 - 2 - P11 - Turno Julio 2021","Aprobado","3.0"
"2021","Maestría en Estadística Aplicada","2021 - 2 - P11 - Turno Agosto 2021","Aprobado","5.0"
"2021","Maestría en Estadística Aplicada","2021 - 2 - P11 - Turno Octubre 2021","Aprobado","5.0"
"2021","Maestría en Estadística Aplicada","2021 - 2 - P11 - Turno Mayo 2021-Posgrado Ciencias Económicas","Aprobado","7.0"
"2021","Maestría en Estadística Aplicada","2021 - 2 - P11 - Turno Noviembre 2021","Aprobado","3.0"
"2021","Maestría en Estadística Aplicada","2021 - 2 - P11 - Turno Diciembre 2021","Aprobado","7.0"
"2021","Maestría en Estadística Aplicada","2021 - 2 - P11 - Turno Abril 2021","Ausente","1.0"
"2021","Maestría en Estadística Aplicada","2021 - 2 - P11 - Turno Marzo 2021","Ausente","2.0"
"2021","Maestría en Estadística Aplicada","2021 - 2 - P11 - Turno Junio 2021","Ausente","3.0"
"2021","Maestría en Estadística Aplicada","2021 - 2 - P11 - Turno Septiembre 2021 - Posgrado de Ciencias Económicas","Ausente","2.0"
"2021","Maestría en Estadística Aplicada","2021 - 2 - P11 - Turno Agosto 2021","Ausente","1.0"
"2021","Maestría en Estadística Aplicada","2021 - 2 - P11 - Turno Octubre 2021","Ausente","1.0"
"2021","Maestría en Estadística Aplicada","2021 - 2 - P11 - Turno Diciembre 2021","Ausente","5.0"
"2021","Maestría en Estadística Aplicada","2021 - 2 - P11 - Turno Agosto 2021","Reprobado","1.0"
"2021","Maestría en Estadística Aplicada","2021 - 2 - P11 - Turno Noviembre 2021","VACIO/NULO","2.0"
"2021","Maestría en Estadística Aplicada","2021 - 2 - P11 - Turno Diciembre 2021","VACIO/NULO","17.0"
"2021","VOCACIONALES POSGRADO","2021 - 2 - P11 - Turno Abril 2021","Aprobado","1.0"
"2021","VOCACIONALES POSGRADO","2021 - 2 - P11 - Turno Junio 2021","Aprobado","1.0"
"2021","VOCACIONALES POSGRADO","2021 - 2 - P11 - Turno Junio 2021","Ausente","1.0"
"2021","VOCACIONALES POSGRADO","2021 - 2 - P11 - Turno Diciembre 2021","VACIO/NULO","2.0"
"2021","Tecnicatura en Gestión Universitaria - Modalidad a Distancia -","2021 - 2 - 11 - Julio - Agosto","Aprobado","4.0"
"2021","Tecnicatura en Gestión Universitaria - Modalidad a Distancia -","2021 - 2 - 11 - Noviembre Diciembre 2021","Aprobado","1.0"
"2021","Tecnicatura en Gestión Universitaria - Modalidad a Distancia -","2021 - 2 - 11 - Julio - Agosto","Ausente","1.0"
"2021","Tecnicatura en Gestión Universitaria - Modalidad a Distancia -","2021 - 2 - 11 - Noviembre Diciembre 2021","Ausente","2.0"
"2021","11-ALUMNOS INTERNACIONALES","2021 - 2 - 11 - Julio - Agosto","Aprobado","2.0"
